user,hit,tier,history_length,n_targets,n_candidates,category_match,level_match,mean_target_popularity_rank,mean_recommended_popularity_rank
U00003,False,moderate,8,3,52,True,True,50.666666666666664,12.5
U00004,False,rich,11,2,49,True,True,28.5,16.5
U00005,False,minimal,1,1,59,False,False,51.0,22.0
U00013,True,rich,10,4,50,True,True,22.5,11.9
U00015,True,rich,9,5,51,True,True,37.6,14.7
U00017,False,moderate,2,1,58,False,False,26.0,23.0
U00018,True,rich,12,4,48,True,True,14.25,10.9
U00028,False,rich,11,1,49,True,True,32.0,10.5
U00037,True,minimal,1,1,59,False,True,16.0,22.3
U00045,False,rich,13,1,47,False,True,52.0,11.4
U00046,False,minimal,1,1,59,False,False,47.0,22.7
U00048,True,rich,11,2,49,True,True,9.5,12.0
U00055,False,rich,14,2,46,True,True,34.5,12.9
U00060,True,moderate,2,2,58,False,True,18.0,9.5
U00071,False,rich,12,2,48,True,True,45.0,14.9
U00074,True,minimal,1,2,59,True,True,21.0,22.7
U00076,False,moderate,3,1,57,False,True,40.0,20.7
U00083,False,rich,10,5,50,True,True,32.8,9.1
U00085,False,rich,10,3,50,True,True,27.0,9.5
U00086,False,moderate,3,1,57,False,False,50.0,23.2
U00096,False,moderate,3,1,57,True,True,45.0,22.7
U00109,True,rich,10,4,50,True,True,28.75,13.0
U00112,True,rich,9,5,51,True,True,30.8,16.9
U00117,True,rich,10,3,50,True,True,30.666666666666668,14.0
U00121,False,minimal,1,1,59,False,False,23.0,24.4
U00122,False,minimal,1,1,59,False,False,40.0,24.0
U00123,False,minimal,1,1,59,False,False,17.0,25.0
U00126,True,rich,12,2,48,True,True,12.0,14.3
U00128,False,rich,11,2,49,True,True,25.0,12.6
U00133,True,rich,11,3,49,True,True,19.0,11.1
U00134,True,rich,9,5,51,True,True,25.0,10.8
U00137,False,minimal,1,1,59,False,False,48.0,21.7
U00139,False,moderate,3,1,57,False,True,9.0,22.7
U00144,False,rich,10,3,50,True,True,25.0,11.7
U00147,True,moderate,8,4,52,True,True,25.25,13.3
U00149,False,rich,9,1,51,True,True,20.0,13.2
U00150,False,minimal,1,1,59,False,False,28.0,21.2
U00152,True,moderate,7,5,53,True,True,38.2,13.6
U00153,False,minimal,1,1,59,False,False,21.0,22.7
U00157,False,minimal,1,1,59,False,False,52.0,23.3
U00161,False,rich,10,1,50,True,True,16.0,13.9
U00166,False,moderate,8,7,52,True,True,30.285714285714285,13.6
U00169,False,rich,11,2,49,True,True,48.5,13.7
U00173,True,rich,13,1,47,False,True,1.0,11.4
U00177,True,rich,11,3,49,True,True,28.0,9.8
U00178,False,rich,10,4,50,True,True,35.25,14.8
U00179,False,minimal,1,1,59,False,False,11.0,22.1
U00186,True,minimal,1,1,59,False,True,39.0,22.1
U00191,False,rich,11,1,49,True,True,39.0,10.7
U00192,False,rich,10,4,50,True,True,39.0,12.0
U00198,True,rich,10,2,50,True,True,13.5,10.7
U00200,True,moderate,3,1,57,True,True,47.0,23.8
U00207,False,minimal,1,1,59,False,False,55.0,22.8
U00208,False,rich,11,4,49,True,True,22.5,17.4
U00216,True,rich,11,5,49,True,True,23.0,13.9
U00220,False,rich,12,3,48,True,True,35.666666666666664,15.0
U00238,False,rich,9,6,51,True,True,30.166666666666668,11.3
U00251,True,moderate,7,6,53,True,True,33.166666666666664,9.5
U00260,False,rich,14,1,46,True,True,8.0,10.7
U00263,False,moderate,2,2,58,False,True,19.0,22.7
U00264,True,moderate,2,1,58,False,True,45.0,25.4
U00265,False,rich,13,1,47,False,True,51.0,10.3
U00272,False,rich,11,2,49,False,True,26.0,10.8
U00282,False,rich,11,3,49,True,True,23.333333333333332,9.5
U00286,False,moderate,2,1,58,False,True,13.0,9.5
U00287,False,minimal,1,1,59,False,False,57.0,23.8
U00292,False,rich,11,1,49,True,True,10.0,9.5
U00293,False,rich,9,4,51,True,True,30.75,12.0
U00298,False,rich,13,1,47,False,True,49.0,9.6
U00301,False,rich,13,1,47,True,True,20.0,11.4
U00303,True,rich,13,1,47,True,True,4.0,9.5
U00308,True,moderate,3,1,57,False,True,0.0,22.2
U00310,True,moderate,6,5,54,True,True,23.6,11.9
U00314,False,moderate,2,1,58,True,True,32.0,19.9
U00315,True,rich,9,3,51,True,True,25.333333333333332,13.2
U00321,False,rich,10,4,50,True,True,24.25,11.8
U00322,False,rich,13,1,47,True,True,41.0,14.8
U00323,False,rich,14,1,46,True,True,27.0,12.6
U00327,False,moderate,3,1,57,True,False,55.0,26.0
U00328,False,rich,13,2,47,True,True,33.5,11.2
U00329,False,rich,11,1,49,False,True,56.0,15.0
U00330,False,rich,11,3,49,False,True,28.333333333333332,14.1
U00334,False,rich,11,2,49,True,True,47.0,11.4
U00338,False,rich,12,2,48,False,True,30.5,15.0
U00339,True,rich,11,5,49,True,True,29.2,9.2
U00340,False,rich,13,1,47,True,True,59.0,16.8
U00351,True,rich,9,4,51,True,True,22.5,9.1
U00352,True,rich,10,5,50,True,True,26.8,12.2
U00353,False,rich,9,5,51,True,True,39.4,13.9
U00356,True,rich,13,2,47,True,True,17.5,11.4
U00357,True,rich,13,2,47,True,True,41.5,18.5
U00362,True,rich,10,3,50,True,True,32.666666666666664,13.0
U00365,False,moderate,8,5,52,True,True,38.4,9.5
U00370,False,minimal,1,1,59,False,False,11.0,22.1
U00378,False,minimal,1,1,59,False,False,54.0,22.4
U00379,True,rich,11,3,49,True,True,36.666666666666664,10.9
U00382,False,moderate,2,1,58,False,False,37.0,19.9
U00383,True,rich,12,3,48,True,True,33.666666666666664,12.6
U00384,False,minimal,1,1,59,False,False,37.0,25.0
U00386,True,minimal,1,1,59,False,True,0.0,20.7
U00394,False,rich,10,1,50,True,True,7.0,11.4
U00398,False,moderate,2,1,58,False,False,42.0,24.0
U00399,False,moderate,8,4,52,True,True,25.0,11.9
U00401,False,minimal,1,1,59,False,False,1.0,19.9
U00404,False,rich,11,3,49,True,True,30.666666666666668,11.2
U00405,False,minimal,1,1,59,True,False,48.0,22.0
U00406,True,rich,14,1,46,True,True,1.0,15.9
U00407,False,rich,10,5,50,True,True,29.0,9.5
U00411,True,rich,10,2,50,False,True,2.0,10.5
U00412,False,moderate,3,1,57,True,True,29.0,21.7
U00415,False,rich,9,4,51,True,True,34.75,8.4
U00418,False,moderate,2,1,58,False,True,20.0,21.7
U00422,False,moderate,2,1,58,False,True,24.0,22.3
U00423,True,rich,9,3,51,True,True,33.0,11.6
U00424,True,rich,10,1,50,False,True,23.0,13.8
U00426,True,moderate,3,1,57,False,True,46.0,21.3
U00427,False,rich,12,4,48,True,True,29.75,14.3
U00437,False,moderate,2,1,58,False,True,6.0,21.7
U00438,True,rich,12,2,48,False,True,27.0,14.5
U00444,True,moderate,8,5,52,False,True,27.6,12.8
U00446,True,minimal,1,1,59,False,True,15.0,22.7
U00449,True,rich,10,4,50,True,True,25.5,13.7
U00450,True,moderate,7,5,53,True,True,24.8,12.9
U00452,False,moderate,2,1,58,False,True,44.0,23.5
U00454,False,moderate,3,1,57,False,True,41.0,9.5
U00455,False,moderate,2,1,58,False,False,50.0,24.4
U00456,False,minimal,1,1,59,False,False,1.0,20.4
U00457,False,minimal,1,1,59,False,True,21.0,21.7
U00460,False,minimal,1,1,59,False,False,6.0,22.5
U00462,False,minimal,1,1,59,False,False,44.0,22.1
U00464,True,rich,10,2,50,True,True,25.5,14.1
U00466,False,minimal,1,1,59,False,False,52.0,22.1
U00469,False,minimal,1,1,59,False,False,40.0,21.7
U00475,False,moderate,2,1,58,False,False,23.0,21.7
U00476,True,minimal,1,1,59,False,True,16.0,21.7
U00488,False,minimal,1,1,59,False,False,18.0,22.1
U00489,False,moderate,2,1,58,False,True,38.0,22.7
U00494,False,rich,11,2,49,True,True,39.0,11.7
U00495,True,minimal,1,1,59,False,True,43.0,22.7
U00497,True,moderate,2,1,58,True,True,15.0,22.7
U00500,False,minimal,1,1,59,False,False,58.0,22.1
U00514,True,minimal,1,2,59,True,True,46.5,22.7
U00515,False,minimal,1,1,59,False,False,1.0,22.4
U00524,False,minimal,1,1,59,True,False,24.0,22.1
U00527,False,minimal,1,1,59,False,False,26.0,21.7
U00529,False,minimal,1,1,59,False,False,36.0,21.7
U00533,False,minimal,1,1,59,False,False,57.0,23.3
U00534,False,moderate,3,1,57,False,True,15.0,21.7
U00537,False,minimal,1,1,59,False,True,44.0,22.0
U00543,True,rich,10,3,50,False,True,20.666666666666668,11.1
U00548,False,rich,12,2,48,True,True,38.5,12.4
U00551,False,moderate,3,1,57,False,True,24.0,21.7
U00552,True,minimal,1,1,59,False,True,51.0,22.7
U00556,False,rich,11,3,49,True,True,51.333333333333336,13.4
U00559,True,rich,10,1,50,True,True,4.0,13.4
U00562,False,rich,11,4,49,True,True,35.0,12.0
U00566,False,minimal,1,1,59,False,False,26.0,24.4
U00569,True,moderate,8,6,52,True,True,35.666666666666664,11.2
U00570,True,rich,12,2,48,True,True,16.0,13.6
U00572,True,rich,10,3,50,True,True,20.0,12.0
U00573,True,rich,9,2,51,True,True,31.0,14.2
U00574,False,rich,12,2,48,True,True,42.0,11.1
U00576,False,moderate,8,5,52,True,True,38.4,11.9
U00581,False,minimal,1,1,59,False,False,35.0,21.7
U00584,False,rich,10,4,50,True,True,41.5,11.4
U00585,False,minimal,1,1,59,False,True,40.0,23.5
U00592,True,rich,12,2,48,True,True,24.5,12.5
U00595,False,rich,11,3,49,True,True,41.333333333333336,11.4
U00602,True,moderate,2,1,58,False,True,14.0,22.7
U00604,False,rich,12,2,48,True,True,46.5,13.0
U00605,False,minimal,1,2,59,False,False,30.5,21.7
U00607,False,minimal,1,1,59,False,False,58.0,21.7
U00609,True,moderate,2,2,58,False,True,18.0,22.4
U00616,False,minimal,1,1,59,False,False,46.0,25.4
U00619,False,moderate,8,4,52,False,True,26.25,11.1
U00622,True,rich,10,3,50,True,True,12.666666666666666,13.7
U00625,False,moderate,2,2,58,True,True,33.5,21.7
U00628,True,minimal,1,1,59,False,True,15.0,22.7
U00630,False,moderate,2,1,58,True,False,24.0,21.7
U00633,False,rich,11,3,49,True,True,37.666666666666664,10.9
U00636,False,rich,12,1,48,True,True,56.0,14.9
U00637,False,minimal,1,1,59,False,False,17.0,22.7
U00639,True,rich,13,1,47,True,True,9.0,11.3
U00651,True,moderate,2,2,58,True,True,53.0,22.7
U00661,False,moderate,3,1,57,True,False,51.0,26.5
U00666,False,rich,9,3,51,True,True,33.666666666666664,12.6
U00687,True,rich,10,5,50,True,True,32.0,9.5
U00688,True,minimal,1,1,59,True,True,7.0,21.7
U00701,False,rich,10,4,50,True,True,44.25,13.4
U00702,False,moderate,2,1,58,False,False,15.0,27.2
U00704,False,rich,11,2,49,True,True,24.0,12.6
U00706,False,minimal,1,1,59,False,False,11.0,25.0
U00709,False,rich,12,2,48,True,True,31.0,12.9
U00714,True,moderate,2,1,58,False,True,43.0,24.4
U00718,False,minimal,1,1,59,False,True,25.0,19.9
U00723,True,rich,12,2,48,False,True,19.0,9.5
U00724,False,rich,13,2,47,True,True,39.5,10.2
U00727,False,moderate,3,1,57,False,True,34.0,9.5
U00734,False,moderate,3,1,57,True,False,1.0,22.3
U00741,False,moderate,3,1,57,True,True,29.0,22.1
U00743,False,moderate,3,1,57,False,True,28.0,9.5
U00745,True,minimal,1,1,59,False,True,47.0,22.4
U00746,True,minimal,1,1,59,False,True,19.0,21.7
U00748,True,minimal,1,1,59,False,True,34.0,23.2
U00760,True,moderate,8,5,52,True,True,25.6,11.3
U00765,True,moderate,8,3,52,True,True,28.666666666666668,13.6
U00767,False,rich,12,2,48,False,True,18.5,9.0
U00768,False,minimal,1,1,59,False,False,43.0,21.7
U00772,True,rich,10,3,50,True,True,17.0,13.3
U00775,False,rich,11,3,49,True,True,37.0,7.6
U00777,False,moderate,3,1,57,False,True,24.0,24.0
U00786,True,rich,10,3,50,True,True,15.666666666666666,9.1
U00787,False,moderate,8,1,52,True,True,14.0,11.0
U00791,False,minimal,1,1,59,False,True,35.0,25.4
U00794,False,minimal,1,1,59,False,False,47.0,22.7
U00795,True,moderate,2,1,58,False,True,14.0,22.7
U00811,False,moderate,2,1,58,True,True,15.0,24.0
U00812,False,moderate,2,1,58,True,True,43.0,23.8
U00813,False,minimal,1,3,59,False,False,21.666666666666668,23.2
U00816,False,moderate,2,1,58,False,True,35.0,24.7
U00819,False,rich,12,2,48,True,True,28.5,11.2
U00821,True,rich,10,3,50,False,True,40.333333333333336,9.5
U00825,False,moderate,2,1,58,False,False,1.0,28.2
U00828,False,moderate,2,1,58,False,True,41.0,21.7
U00829,False,rich,15,1,45,True,True,15.0,11.8
U00833,False,moderate,2,1,58,False,True,37.0,21.7
U00836,True,moderate,8,7,52,True,True,33.857142857142854,9.5
U00838,True,moderate,7,5,53,True,True,26.4,13.2
U00840,True,minimal,1,2,59,False,True,15.0,22.1
U00842,False,minimal,1,1,59,False,False,35.0,19.9
U00848,False,moderate,3,1,57,True,True,41.0,23.8
U00850,True,rich,12,3,48,True,True,11.333333333333334,11.6
U00852,False,rich,11,2,49,True,True,15.0,11.7
U00858,False,rich,12,3,48,True,True,37.0,11.7
U00870,True,moderate,8,7,52,True,True,28.857142857142858,14.0
U00874,False,rich,11,1,49,False,True,43.0,10.7
U00876,True,rich,11,3,49,False,True,35.333333333333336,12.7
U00881,True,rich,14,2,46,True,True,9.5,11.7
U00883,False,moderate,2,1,58,False,True,30.0,23.3
U00888,False,moderate,3,1,57,False,True,32.0,9.5
U00890,True,minimal,1,1,59,False,True,22.0,25.0
U00891,False,minimal,1,1,59,False,False,44.0,26.4
U00893,False,rich,11,1,49,False,True,18.0,11.4
U00896,False,moderate,3,1,57,False,True,37.0,24.4
U00898,False,moderate,8,4,52,True,True,43.5,11.4
U00903,False,rich,11,2,49,True,True,36.5,13.7
U00910,False,moderate,2,1,58,False,False,29.0,22.7
U00911,False,moderate,6,4,54,True,True,30.0,13.4
U00917,False,rich,12,3,48,True,True,34.666666666666664,9.5
U00919,False,rich,10,4,50,True,True,32.75,12.2
U00925,False,minimal,1,1,59,False,False,26.0,23.0
U00926,False,minimal,1,1,59,False,False,48.0,22.7
U00928,True,rich,10,2,50,True,True,27.0,12.6
U00929,False,moderate,2,2,58,True,True,49.0,24.4
U00930,False,moderate,2,1,58,False,True,29.0,23.0
U00948,True,minimal,1,2,59,False,True,18.5,22.1
U00949,False,moderate,2,2,58,True,False,17.5,24.4
U00955,False,moderate,2,1,58,False,True,13.0,9.5
U00959,True,rich,10,3,50,True,True,20.333333333333332,12.6
U00961,True,rich,13,1,47,True,True,25.0,12.3
U00967,True,rich,11,3,49,True,True,32.333333333333336,9.5
U00976,False,rich,9,3,51,True,True,35.666666666666664,10.9
U00979,False,moderate,2,1,58,False,True,43.0,21.7
U00981,False,rich,12,1,48,True,True,27.0,11.8
U00986,False,minimal,1,1,59,True,False,28.0,24.0
U00989,False,moderate,7,5,53,True,True,35.2,9.5
U00995,False,minimal,1,1,59,False,False,28.0,22.7
U00997,False,rich,13,2,47,True,True,19.5,14.4
U01000,False,rich,10,2,50,True,True,50.0,9.0
U01006,False,minimal,1,1,59,False,False,21.0,22.1
U01014,False,moderate,2,1,58,False,True,37.0,23.8
U01015,True,rich,13,2,47,True,True,25.0,15.7
U01020,True,rich,10,2,50,True,True,24.0,9.5
U01022,False,rich,10,3,50,True,True,36.0,13.4
U01031,False,rich,11,2,49,True,True,28.5,11.0
U01032,True,rich,12,2,48,True,True,27.5,15.0
U01033,True,rich,10,3,50,True,True,43.666666666666664,15.4
U01034,True,rich,9,3,51,True,True,16.666666666666668,11.8
U01043,True,moderate,2,2,58,True,True,40.5,21.7
U01056,False,minimal,1,1,59,False,False,12.0,24.4
U01064,False,minimal,1,1,59,False,False,11.0,23.6
U01065,False,moderate,3,1,57,False,True,24.0,23.2
U01066,True,moderate,7,5,53,True,True,22.0,12.0
U01071,False,minimal,1,1,59,False,False,25.0,21.7
U01073,False,minimal,1,1,59,False,False,30.0,21.7
U01075,True,minimal,1,1,59,False,True,15.0,23.0
U01079,False,rich,11,2,49,False,True,27.5,13.7
U01083,True,rich,10,5,50,True,True,26.0,11.2
U01084,False,rich,12,1,48,True,True,32.0,13.7
U01085,False,minimal,1,1,59,False,True,29.0,22.1
U01088,False,minimal,1,1,59,False,False,59.0,21.7
U01091,True,minimal,1,1,59,False,True,8.0,21.2
U01092,True,rich,11,4,49,True,True,20.5,9.0
U01094,False,minimal,1,1,59,False,False,25.0,25.8
U01096,True,rich,12,4,48,True,True,19.5,15.5
U01102,False,minimal,1,1,59,False,False,49.0,24.0
U01108,False,moderate,2,2,58,False,True,27.0,21.7
U01110,False,minimal,1,1,59,True,True,34.0,21.7
U01122,False,minimal,1,1,59,True,False,52.0,22.7
U01123,True,rich,12,3,48,True,True,30.666666666666668,10.5
U01143,False,rich,11,3,49,True,True,48.333333333333336,12.1
U01146,False,rich,10,3,50,True,True,39.0,11.8
U01149,False,moderate,2,2,58,False,True,18.0,23.0
U01151,False,rich,12,2,48,True,True,26.0,11.5
U01157,False,moderate,3,1,57,False,True,11.0,29.7
U01158,False,rich,11,1,49,False,True,26.0,11.8
U01163,False,rich,11,2,49,True,True,30.5,10.1
U01167,False,rich,10,1,50,False,True,45.0,12.0
U01170,False,rich,12,2,48,True,True,38.0,10.2
U01176,False,moderate,2,1,58,False,False,27.0,23.6
U01177,True,moderate,8,5,52,True,True,30.2,10.8
U01178,False,minimal,1,1,59,False,False,33.0,24.4
U01179,False,minimal,1,1,59,False,False,31.0,22.7
U01180,True,moderate,7,6,53,True,True,27.5,13.3
U01193,True,minimal,1,1,59,False,True,11.0,20.4
U01197,False,rich,13,1,47,False,True,26.0,11.1
U01203,True,rich,12,4,48,True,True,31.0,12.8
U01221,False,rich,12,1,48,False,True,51.0,10.8
U01229,False,minimal,1,1,59,False,False,4.0,26.4
U01231,False,rich,10,4,50,True,True,25.25,11.8
U01233,False,rich,9,2,51,True,True,56.0,11.8
U01235,False,rich,11,3,49,True,True,27.0,11.1
U01237,True,rich,10,3,50,True,True,10.333333333333334,13.5
U01239,True,rich,10,2,50,False,True,16.0,12.6
U01241,True,minimal,1,1,59,False,True,13.0,23.2
U01242,True,minimal,1,1,59,False,True,28.0,21.7
U01243,False,minimal,1,1,59,False,False,18.0,22.1
U01244,True,rich,11,3,49,True,True,21.666666666666668,9.0
U01246,False,minimal,1,1,59,False,False,45.0,22.4
U01248,True,minimal,1,1,59,False,True,7.0,23.3
U01249,False,rich,13,1,47,True,True,32.0,11.2
U01250,True,rich,9,6,51,True,True,30.5,11.6
U01251,True,minimal,1,1,59,False,True,19.0,21.7
U01255,True,moderate,3,1,57,False,True,55.0,27.2
U01257,False,minimal,1,1,59,False,False,33.0,21.7
U01258,False,moderate,3,1,57,False,True,20.0,22.0
U01261,True,rich,11,2,49,False,True,24.0,9.5
U01262,False,moderate,3,1,57,False,False,46.0,25.8
U01266,True,rich,12,2,48,True,True,26.0,12.3
U01267,False,rich,12,2,48,True,True,30.0,11.7
U01268,True,rich,11,2,49,True,True,20.0,12.0
U01276,True,minimal,1,1,59,False,True,2.0,26.1
U01277,False,rich,10,2,50,True,True,39.5,11.8
U01281,False,rich,11,2,49,True,True,32.0,14.2
U01282,False,moderate,2,1,58,False,False,45.0,21.7
U01284,True,rich,11,4,49,True,True,15.25,12.6
U01286,True,rich,10,3,50,True,True,22.333333333333332,16.5
U01287,False,rich,9,3,51,True,True,34.0,9.5
U01290,False,rich,12,2,48,True,True,21.0,12.0
U01295,True,moderate,3,1,57,False,True,2.0,22.1
U01303,False,minimal,1,1,59,False,False,42.0,25.4
U01304,False,minimal,1,1,59,False,True,32.0,20.4
U01305,True,minimal,1,2,59,False,True,15.0,21.7
U01310,False,moderate,2,1,58,False,True,5.0,23.3
U01315,False,rich,11,2,49,True,True,35.5,11.3
U01318,True,rich,11,3,49,False,True,20.0,9.1
U01320,False,moderate,3,1,57,False,False,5.0,19.9
U01321,False,rich,9,5,51,True,True,42.8,10.7
U01322,True,rich,10,2,50,False,True,18.5,15.3
U01331,True,rich,12,1,48,True,True,1.0,13.8
U01332,True,moderate,7,5,53,False,True,40.8,13.5
U01334,False,rich,9,4,51,True,True,37.0,11.9
U01336,True,moderate,7,7,53,True,True,27.571428571428573,9.5
U01337,False,rich,13,3,47,True,True,35.666666666666664,11.0
U01338,True,minimal,1,2,59,False,True,31.0,21.7
U01340,False,minimal,1,1,59,False,False,41.0,22.8
U01341,False,moderate,2,1,58,True,False,42.0,24.4
U01343,False,rich,10,4,50,True,True,40.25,11.8
U01344,False,rich,11,3,49,True,True,35.666666666666664,9.5
U01346,False,rich,13,2,47,False,True,17.0,12.8
U01347,False,rich,12,1,48,True,True,16.0,15.1
U01350,False,rich,11,2,49,True,True,27.5,12.5
U01351,False,minimal,1,1,59,False,False,39.0,24.4
U01352,False,rich,11,2,49,False,True,16.0,9.5
U01355,False,rich,12,1,48,True,True,54.0,12.2
U01356,True,minimal,1,2,59,False,True,12.5,22.1
U01364,True,rich,9,4,51,True,True,38.0,14.5
U01365,True,rich,11,3,49,True,True,35.0,11.8
U01375,True,rich,10,3,50,False,True,35.333333333333336,13.6
U01377,False,moderate,2,2,58,True,True,29.0,22.4
U01379,True,minimal,1,1,59,False,True,0.0,22.7
U01390,False,minimal,1,1,59,False,False,43.0,23.2
U01392,False,moderate,2,1,58,False,True,22.0,21.7
U01394,False,rich,10,4,50,True,True,33.5,16.2
U01395,True,rich,11,3,49,True,True,22.0,8.8
U01397,True,rich,10,3,50,True,True,16.666666666666668,12.9
U01399,False,rich,15,1,45,True,True,45.0,15.9
U01405,False,rich,11,1,49,False,True,31.0,12.9
U01411,False,rich,11,4,49,True,True,34.75,12.9
U01414,False,rich,14,2,46,True,True,35.0,11.9
U01417,False,minimal,1,1,59,True,False,14.0,22.0
U01429,False,rich,12,3,48,True,True,22.333333333333332,15.4
U01430,True,rich,11,2,49,True,True,11.0,11.3
U01432,False,rich,10,2,50,True,True,24.5,14.2
U01434,False,minimal,1,1,59,False,False,35.0,24.4
U01435,False,rich,12,1,48,True,True,36.0,12.7
U01438,False,moderate,3,1,57,True,False,21.0,20.4
U01440,True,minimal,1,1,59,True,True,12.0,22.1
U01442,True,minimal,1,2,59,False,True,24.5,21.7
U01444,False,minimal,1,1,59,False,False,31.0,22.1
U01445,True,moderate,7,5,53,True,True,33.0,9.5
U01450,False,rich,9,2,51,True,True,48.5,11.6
U01451,False,rich,10,1,50,True,True,41.0,13.3
U01452,False,minimal,1,1,59,False,True,21.0,21.7
U01454,False,minimal,1,1,59,False,False,18.0,23.3
U01455,True,rich,12,2,48,True,True,16.5,14.5
U01460,False,rich,12,1,48,False,True,57.0,12.9
U01466,True,minimal,1,1,59,False,True,13.0,22.4
U01469,False,minimal,1,1,59,False,True,44.0,22.3
U01472,False,rich,10,2,50,True,True,38.5,11.6
U01473,True,rich,14,1,46,True,True,30.0,13.1
U01475,False,rich,13,2,47,True,True,23.5,12.2
U01487,False,minimal,1,1,59,False,False,47.0,24.0
U01488,False,rich,11,1,49,True,True,8.0,12.8
U01496,False,rich,10,3,50,True,True,27.333333333333332,10.9
U01497,False,rich,9,4,51,True,True,35.75,13.4
U01500,True,rich,11,2,49,False,True,15.0,14.7
U01505,True,minimal,1,2,59,False,True,7.5,24.4
U01506,True,rich,11,4,49,True,True,18.75,11.8
U01511,False,rich,10,3,50,True,True,36.666666666666664,9.5
U01512,False,rich,9,3,51,True,True,42.333333333333336,12.6
U01517,False,rich,13,1,47,True,True,10.0,9.5
U01522,True,rich,9,5,51,True,True,27.2,9.5
U01526,True,rich,11,1,49,True,True,23.0,12.8
U01528,True,rich,13,1,47,True,True,0.0,9.4
U01529,False,moderate,2,1,58,False,False,5.0,21.7
U01530,False,rich,14,1,46,True,True,8.0,14.4
U01531,True,rich,10,4,50,True,True,16.75,13.3
U01533,False,moderate,2,1,58,False,True,38.0,21.7
U01536,True,moderate,8,4,52,True,True,33.5,9.5
U01537,False,moderate,2,1,58,False,True,41.0,22.7
U01541,False,moderate,3,1,57,False,True,21.0,22.0
U01543,False,rich,14,2,46,True,True,36.5,14.4
U01547,False,minimal,1,1,59,False,True,53.0,20.4
U01553,False,rich,12,3,48,True,True,28.333333333333332,16.7
U01570,False,minimal,1,1,59,False,False,56.0,22.7
U01575,False,rich,11,2,49,False,True,26.0,12.6
U01578,True,rich,12,3,48,True,False,34.0,9.1
U01586,False,rich,12,2,48,True,True,49.0,14.0
U01591,False,minimal,1,1,59,False,False,4.0,22.3
U01595,False,minimal,1,1,59,False,False,41.0,21.7
U01602,False,rich,12,1,48,False,True,51.0,14.7
U01618,False,rich,12,1,48,True,True,38.0,9.5
U01625,False,minimal,1,2,59,False,True,36.5,26.4
U01627,True,rich,9,4,51,False,True,17.75,11.0
U01628,True,rich,10,4,50,True,True,29.0,11.1
U01635,True,rich,9,5,51,True,True,37.0,13.0
U01644,True,moderate,2,1,58,True,True,19.0,24.0
U01645,True,moderate,2,1,58,False,True,7.0,23.2
U01647,True,rich,10,3,50,True,True,13.666666666666666,14.3
U01648,False,moderate,3,1,57,False,True,28.0,9.5
U01649,False,rich,9,4,51,True,True,33.25,11.1
U01654,False,rich,14,1,46,True,True,41.0,10.2
U01656,False,rich,11,1,49,False,True,13.0,9.5
U01659,False,moderate,2,1,58,False,False,52.0,9.5
U01662,True,rich,12,3,48,True,True,18.333333333333332,10.1
U01666,True,rich,12,2,48,True,True,10.0,12.8
U01671,True,rich,14,1,46,True,True,24.0,14.3
U01674,False,rich,12,2,48,True,True,16.0,13.6
U01682,False,minimal,1,1,59,False,False,15.0,24.0
U01692,True,moderate,5,7,55,False,True,24.142857142857142,9.5
U01695,True,rich,10,3,50,False,True,31.0,8.9
U01696,False,minimal,1,1,59,False,False,23.0,24.0
U01702,False,rich,13,1,47,True,True,12.0,12.9
U01708,True,rich,13,1,47,True,True,6.0,9.1
U01713,False,moderate,3,1,57,False,True,9.0,22.1
U01720,True,rich,11,4,49,True,True,27.0,9.1
U01721,False,rich,9,1,51,True,True,34.0,13.9
U01724,True,rich,10,6,50,True,True,24.5,9.5
U01726,False,rich,11,2,49,True,True,17.0,12.3
U01728,False,minimal,1,1,59,False,False,43.0,21.7
U01729,False,rich,11,4,49,True,True,35.5,13.1
U01742,False,minimal,1,1,59,True,False,24.0,26.1
U01745,True,rich,10,3,50,True,True,18.333333333333332,13.5
U01746,True,rich,9,5,51,True,True,24.8,11.3
U01752,False,moderate,3,1,57,False,False,35.0,20.4
U01762,True,rich,12,3,48,False,True,38.333333333333336,14.8
U01764,False,minimal,1,1,59,False,True,25.0,22.7
U01773,True,rich,11,5,49,True,True,23.6,9.5
U01776,False,minimal,1,1,59,False,False,27.0,20.4
U01783,True,minimal,1,2,59,False,True,33.0,21.7
U01786,True,rich,11,2,49,True,True,30.0,12.9
U01789,True,rich,11,4,49,True,True,20.25,11.3
U01795,True,rich,11,2,49,True,True,9.0,11.1
U01803,True,moderate,2,1,58,False,True,51.0,23.5
U01805,False,rich,13,2,47,True,True,17.0,11.2
U01809,False,moderate,8,5,52,True,True,35.4,11.7
U01810,True,rich,11,4,49,True,True,27.25,9.5
U01812,False,rich,10,5,50,True,True,34.2,13.4
U01816,True,minimal,1,1,59,False,True,46.0,24.4
U01820,False,rich,12,3,48,True,True,40.666666666666664,13.8
U01822,False,rich,14,1,46,True,True,18.0,11.5
U01825,False,rich,11,3,49,False,True,49.666666666666664,13.6
U01840,True,rich,11,3,49,False,True,14.333333333333334,9.5
U01842,False,rich,11,2,49,True,True,48.0,12.5
U01850,False,moderate,2,1,58,True,False,0.0,26.4
U01851,False,moderate,2,2,58,True,True,52.0,23.2
U01854,False,rich,11,2,49,True,True,29.0,12.7
U01860,False,moderate,2,1,58,False,True,44.0,24.0
U01865,False,moderate,3,1,57,True,True,22.0,23.5
U01867,False,rich,12,1,48,True,True,51.0,10.9
U01868,False,minimal,1,1,59,False,False,33.0,22.7
U01871,False,rich,9,5,51,False,True,27.2,13.5
U01872,False,rich,12,2,48,True,True,45.5,12.2
U01876,False,rich,13,1,47,True,True,50.0,8.4
U01877,True,rich,9,3,51,True,True,16.666666666666668,12.7
U01879,True,rich,12,3,48,True,True,35.666666666666664,12.4
U01896,False,rich,9,3,51,True,True,47.666666666666664,13.1
U01900,True,rich,10,1,50,True,True,4.0,15.3
U01903,True,rich,9,4,51,True,True,19.5,13.0
U01907,False,minimal,1,1,59,False,False,46.0,22.1
U01908,False,rich,9,3,51,True,True,44.333333333333336,12.8
U01917,True,rich,11,4,49,True,True,32.0,13.4
U01918,False,rich,13,1,47,True,True,42.0,12.9
U01920,False,rich,11,2,49,False,True,55.5,15.2
U01921,True,minimal,1,1,59,False,True,6.0,22.7
U01924,False,minimal,1,1,59,False,False,15.0,22.1
U01926,False,rich,10,3,50,True,True,34.0,8.8
U01929,True,rich,11,3,49,True,True,31.333333333333332,11.9
U01931,True,rich,10,1,50,True,True,4.0,10.9
U01934,True,rich,11,3,49,True,True,31.333333333333332,11.6
U01938,False,minimal,1,1,59,False,True,24.0,23.0
U01939,False,moderate,2,2,58,False,True,25.0,21.7
U01943,True,rich,11,3,49,True,True,17.0,11.3
U01950,False,minimal,1,1,59,False,False,37.0,22.1
U01953,True,rich,14,1,46,False,True,4.0,14.1
U01958,False,rich,11,1,49,True,True,17.0,11.4
U01959,True,moderate,8,4,52,True,True,38.25,14.0
U01961,True,rich,10,4,50,True,True,16.25,13.4
U01962,True,rich,10,1,50,True,True,23.0,12.6
U01979,True,rich,9,3,51,True,True,19.333333333333332,14.1
U01987,True,rich,10,3,50,True,True,23.666666666666668,15.2
U01992,False,minimal,1,1,59,True,False,31.0,22.7
U01993,False,rich,13,1,47,True,True,36.0,9.0
U01994,True,moderate,8,3,52,True,True,47.666666666666664,15.0
U01998,True,rich,12,3,48,True,True,40.666666666666664,11.3
U02000,False,minimal,1,1,59,False,True,17.0,20.4
U02003,True,moderate,3,1,57,False,True,34.0,23.5
U02010,False,rich,13,1,47,True,True,15.0,10.9
U02014,True,minimal,1,2,59,False,True,8.5,22.7
U02015,False,rich,12,2,48,True,True,25.5,10.9
U02019,False,moderate,2,1,58,False,True,52.0,9.5
U02022,False,rich,10,1,50,True,True,50.0,10.7
U02024,False,minimal,1,1,59,False,False,3.0,23.2
U02035,False,rich,12,3,48,True,True,19.0,9.5
U02038,False,rich,9,2,51,True,True,40.0,13.3
U02039,True,rich,11,2,49,True,True,38.0,13.0
U02041,False,moderate,2,1,58,False,True,53.0,21.7
U02044,False,minimal,1,1,59,False,False,32.0,25.4
U02050,True,minimal,1,2,59,False,True,21.0,20.4
U02055,False,rich,12,2,48,True,True,43.0,9.6
U02057,False,minimal,1,1,59,False,False,4.0,23.3
U02058,True,rich,11,2,49,True,True,29.0,11.7
U02060,False,moderate,2,1,58,True,False,2.0,22.3
U02064,False,rich,12,3,48,True,True,43.666666666666664,12.6
U02065,True,minimal,1,1,59,False,True,28.0,21.7
U02068,True,rich,11,2,49,True,True,16.5,10.3
U02071,False,rich,11,2,49,False,True,10.5,13.8
U02073,False,minimal,1,1,59,False,False,21.0,26.4
U02074,True,moderate,8,6,52,True,True,39.166666666666664,13.7
U02077,True,rich,12,2,48,True,True,35.0,13.9
U02078,False,minimal,1,1,59,False,False,17.0,22.7
U02080,False,minimal,1,1,59,False,False,20.0,22.1
U02086,True,minimal,1,1,59,False,True,2.0,22.1
U02091,False,moderate,2,1,58,False,False,21.0,22.7
U02094,False,rich,10,1,50,True,True,33.0,13.8
U02096,False,rich,9,4,51,True,True,32.5,13.7
U02097,True,minimal,1,1,59,False,True,23.0,20.7
U02098,False,rich,11,2,49,True,True,35.0,11.7
U02102,False,moderate,2,1,58,False,True,12.0,23.3
U02123,True,minimal,1,1,59,False,True,41.0,26.1
U02125,True,moderate,8,5,52,True,True,25.8,13.4
U02127,False,minimal,1,1,59,False,False,12.0,22.7
U02141,False,minimal,1,1,59,False,False,49.0,26.1
U02143,False,moderate,2,1,58,False,True,42.0,21.7
U02144,False,rich,12,2,48,False,True,47.5,12.5
U02147,False,rich,9,6,51,True,True,38.166666666666664,9.0
U02149,False,rich,13,2,47,False,True,21.5,14.6
U02151,True,rich,10,3,50,True,True,37.333333333333336,13.9
U02152,False,rich,9,4,51,True,True,42.75,10.7
U02153,True,rich,10,3,50,True,True,29.333333333333332,9.4
U02154,False,minimal,1,2,59,False,False,19.5,23.0
U02155,False,rich,12,2,48,False,True,46.0,17.2
U02157,False,moderate,2,1,58,False,False,8.0,21.7
U02158,False,moderate,3,1,57,False,True,40.0,21.7
U02159,False,minimal,1,1,59,False,False,26.0,22.7
U02161,False,rich,11,3,49,True,True,37.666666666666664,14.9
U02167,True,minimal,1,2,59,False,True,46.5,26.5
U02174,False,rich,9,5,51,False,True,47.0,9.1
U02175,False,minimal,1,1,59,False,False,24.0,21.7
U02181,False,minimal,1,1,59,False,False,48.0,20.4
U02185,False,minimal,1,1,59,False,False,43.0,24.0
U02186,False,moderate,3,1,57,False,True,45.0,21.7
U02190,False,moderate,3,1,57,True,False,21.0,27.6
U02191,False,moderate,3,1,57,True,True,32.0,9.5
U02193,False,minimal,1,1,59,False,True,3.0,24.0
U02194,True,minimal,1,1,59,False,True,20.0,25.0
U02198,False,minimal,1,1,59,True,False,45.0,21.7
U02199,False,moderate,7,5,53,True,True,40.2,13.5
U02200,False,minimal,1,1,59,False,False,48.0,21.7
U02206,False,moderate,2,1,58,True,True,2.0,22.7
U02208,False,minimal,1,1,59,False,False,23.0,21.7
U02212,False,rich,13,2,47,False,True,28.0,13.9
U02215,True,moderate,7,4,53,True,True,8.25,11.7
U02217,False,rich,12,2,48,True,True,29.0,9.5
U02224,True,moderate,8,5,52,True,True,23.4,11.1
U02225,False,minimal,1,1,59,False,True,29.0,23.3
U02229,False,minimal,1,1,59,False,False,33.0,22.7
U02231,False,rich,11,2,49,True,True,28.5,12.6
U02233,False,minimal,1,1,59,False,True,3.0,25.0
U02241,False,minimal,1,1,59,False,True,38.0,22.7
U02248,True,rich,10,4,50,True,True,30.5,10.1
U02250,False,rich,10,3,50,False,True,36.333333333333336,12.3
U02254,False,rich,14,1,46,True,True,15.0,12.8
U02258,True,rich,12,4,48,True,True,29.25,12.3
U02262,False,moderate,2,1,58,False,False,34.0,22.5
U02274,True,minimal,1,1,59,False,True,13.0,21.7
U02275,False,minimal,1,1,59,False,False,26.0,21.7
U02288,True,rich,11,4,49,True,True,29.75,12.4
U02290,False,rich,12,3,48,True,True,32.0,12.4
U02291,False,minimal,1,1,59,False,True,44.0,21.7
U02299,True,minimal,1,1,59,False,True,10.0,23.5
U02300,False,rich,13,2,47,True,True,35.0,11.7
U02301,True,rich,12,1,48,True,True,6.0,18.3
U02306,True,rich,10,3,50,True,True,32.666666666666664,9.3
U02315,False,rich,11,3,49,True,True,34.333333333333336,13.6
U02321,False,minimal,1,1,59,False,False,30.0,21.7
U02324,False,moderate,2,1,58,False,True,1.0,23.3
U02326,False,minimal,1,1,59,True,False,35.0,23.0
U02328,False,minimal,1,2,59,False,False,47.5,23.3
U02333,False,moderate,2,1,58,False,False,32.0,21.7
U02336,True,rich,12,2,48,True,True,34.0,11.3
U02337,True,rich,9,4,51,True,True,39.5,9.6
U02341,True,rich,10,3,50,True,True,18.333333333333332,11.1
U02344,False,rich,10,4,50,True,True,30.0,13.5
U02349,False,rich,12,2,48,True,True,28.0,12.3
U02352,False,moderate,2,1,58,True,True,1.0,25.0
U02358,False,moderate,3,1,57,False,True,49.0,25.4
U02368,False,minimal,1,3,59,False,True,36.0,21.7
U02369,False,minimal,1,1,59,False,False,44.0,20.4
U02370,True,rich,9,5,51,True,True,23.2,14.9
U02371,False,moderate,8,4,52,True,True,36.75,9.5
U02374,True,moderate,2,1,58,True,True,7.0,23.8
U02377,False,minimal,1,1,59,False,False,3.0,22.4
U02379,False,minimal,1,1,59,False,True,9.0,22.4
U02380,False,moderate,2,1,58,False,False,15.0,22.1
U02390,False,minimal,1,1,59,True,False,50.0,22.7
U02410,False,rich,11,1,49,True,True,54.0,12.6
U02415,False,rich,9,2,51,False,True,51.0,11.0
U02425,True,minimal,1,1,59,False,True,43.0,22.7
U02429,True,moderate,2,1,58,True,True,51.0,22.8
U02432,True,rich,13,2,47,False,True,14.0,13.0
U02443,False,minimal,1,1,59,True,True,17.0,21.7
U02445,True,moderate,6,8,54,True,True,23.625,9.5
U02446,True,minimal,1,1,59,False,True,20.0,23.5
U02452,False,minimal,1,1,59,False,False,22.0,23.8
U02459,True,moderate,6,6,54,True,True,31.833333333333332,20.4
U02465,True,minimal,1,1,59,False,True,51.0,20.7
U02469,True,minimal,1,1,59,False,True,22.0,23.5
U02470,True,rich,9,4,51,True,True,31.75,10.8
U02482,False,minimal,1,1,59,False,False,53.0,22.7
U02485,True,rich,11,3,49,True,True,24.0,13.0
U02486,False,minimal,1,1,59,True,False,55.0,24.0
U02490,True,rich,11,2,49,True,True,8.0,15.3
U02504,False,moderate,3,1,57,False,True,18.0,9.5
U02509,True,moderate,2,1,58,False,True,7.0,23.2
U02512,False,rich,13,1,47,True,True,39.0,13.8
U02515,False,rich,10,1,50,False,True,21.0,13.4
U02521,False,moderate,3,1,57,False,True,35.0,23.8
U02526,False,minimal,1,1,59,False,True,29.0,22.1
U02531,True,moderate,3,1,57,True,True,8.0,27.4
U02534,False,minimal,1,1,59,False,False,34.0,20.7
U02539,False,minimal,1,1,59,True,False,59.0,24.0
U02540,False,rich,14,1,46,True,True,16.0,10.6
U02541,False,rich,11,2,49,True,True,23.0,14.0
U02542,False,rich,10,3,50,True,True,29.666666666666668,9.5
U02553,False,minimal,1,1,59,False,False,33.0,24.0
U02562,False,moderate,3,1,57,False,True,40.0,26.1
U02564,False,rich,10,3,50,True,True,33.333333333333336,8.9
U02566,False,rich,12,2,48,True,True,42.0,14.7
U02575,False,minimal,1,1,59,False,True,25.0,22.7
U02582,True,rich,11,4,49,True,True,12.25,11.8
U02583,True,moderate,8,6,52,True,True,21.833333333333332,13.4
U02587,False,minimal,1,1,59,False,True,32.0,22.7
U02592,False,minimal,1,1,59,False,True,30.0,24.0
U02597,False,minimal,1,1,59,False,True,17.0,21.7
U02600,True,moderate,2,1,58,False,True,28.0,22.0
U02602,False,rich,9,4,51,True,True,42.75,11.9
U02605,False,rich,9,3,51,True,True,36.333333333333336,11.1
U02612,False,rich,9,5,51,True,True,31.2,9.1
U02614,False,rich,11,2,49,True,True,39.0,11.9
U02616,True,moderate,7,6,53,True,True,37.166666666666664,9.1
U02618,False,moderate,2,1,58,False,True,14.0,9.5
U02620,False,minimal,1,1,59,False,False,21.0,20.7
U02623,True,rich,9,2,51,True,True,26.5,9.5
U02624,False,minimal,1,2,59,False,True,35.0,26.4
U02625,False,minimal,1,1,59,False,False,3.0,21.7
U02626,False,moderate,2,1,58,False,False,10.0,23.3
U02630,False,rich,10,2,50,True,True,48.0,11.6
U02633,False,rich,13,1,47,True,True,19.0,12.6
U02640,False,moderate,2,1,58,False,False,56.0,21.7
U02643,True,rich,11,4,49,True,True,32.25,14.7
U02644,False,moderate,3,1,57,True,True,55.0,20.4
U02645,False,rich,9,1,51,False,True,31.0,12.3
U02651,True,rich,10,6,50,True,True,30.333333333333332,13.2
U02658,False,moderate,2,1,58,False,False,33.0,22.7
U02663,False,rich,12,2,48,True,True,24.0,12.3
U02672,False,rich,13,1,47,True,True,12.0,12.8
U02675,False,moderate,3,1,57,True,True,22.0,22.0
U02679,False,rich,9,2,51,True,True,30.5,9.0
U02683,True,rich,10,5,50,True,True,25.2,10.0
U02684,True,rich,12,2,48,True,True,12.5,12.6
U02686,False,moderate,2,2,58,True,True,39.0,24.2
U02696,False,minimal,1,1,59,False,False,19.0,23.0
U02697,True,moderate,3,1,57,False,True,31.0,24.4
U02698,True,moderate,8,4,52,True,True,24.25,10.9
U02701,False,moderate,3,1,57,False,False,5.0,23.3
U02709,False,rich,10,2,50,True,True,43.5,13.2
U02715,False,minimal,1,1,59,False,False,50.0,23.2
U02733,True,rich,9,5,51,True,True,37.8,11.1
U02746,False,moderate,2,1,58,True,False,2.0,23.3
U02749,False,minimal,1,1,59,False,False,14.0,22.4
U02750,False,minimal,1,1,59,False,True,17.0,23.3
U02754,False,rich,10,3,50,True,True,37.0,11.8
U02761,False,moderate,2,2,58,True,False,56.5,24.0
U02767,True,rich,12,2,48,True,True,10.0,12.3
U02770,True,rich,10,4,50,True,True,19.0,13.4
U02775,False,rich,11,1,49,True,True,46.0,10.0
U02776,False,minimal,1,1,59,False,False,22.0,23.2
U02778,False,moderate,2,1,58,False,False,53.0,24.0
U02781,False,moderate,2,1,58,False,True,52.0,24.0
U02784,False,minimal,1,1,59,False,False,34.0,22.7
U02786,True,rich,10,2,50,True,True,7.5,10.9
U02788,True,moderate,7,5,53,True,True,22.2,10.3
U02789,False,moderate,3,1,57,False,True,40.0,27.2
U02792,False,rich,13,1,47,True,True,35.0,13.5
U02793,True,rich,11,3,49,True,True,37.333333333333336,14.0
U02803,True,minimal,1,1,59,False,True,13.0,21.7
U02808,False,minimal,1,1,59,True,False,54.0,21.7
U02814,False,minimal,1,1,59,False,True,32.0,24.0
U02821,False,moderate,6,5,54,True,True,30.0,20.9
U02825,True,moderate,7,6,53,True,True,30.833333333333332,8.3
U02832,False,rich,9,2,51,True,True,18.5,13.5
U02837,False,minimal,1,1,59,False,False,27.0,22.7
U02839,False,moderate,3,1,57,False,False,12.0,20.4
U02842,False,minimal,1,1,59,False,False,20.0,23.2
U02843,True,rich,12,2,48,True,True,27.5,13.6
U02844,True,moderate,8,4,52,True,True,22.25,11.6
U02850,True,rich,10,3,50,True,True,16.0,9.5
U02857,False,rich,11,1,49,False,True,5.0,13.9
U02858,True,moderate,3,1,57,False,True,6.0,22.8
U02881,False,moderate,3,1,57,True,True,43.0,21.7
U02883,True,rich,9,3,51,True,True,35.333333333333336,11.9
U02885,True,moderate,2,1,58,False,True,6.0,20.7
U02887,False,moderate,3,1,57,False,False,55.0,23.1
U02890,True,minimal,1,1,59,False,True,12.0,24.0
U02895,False,minimal,1,1,59,False,True,4.0,22.7
U02898,False,moderate,2,2,58,True,True,48.5,28.6
U02899,False,rich,11,2,49,True,True,50.5,13.3
U02906,True,moderate,2,1,58,False,True,30.0,9.1
U02909,True,rich,11,3,49,True,True,18.666666666666668,13.0
U02912,False,minimal,1,1,59,False,True,34.0,21.7
U02914,False,minimal,1,1,59,False,False,17.0,25.8
U02915,True,rich,10,4,50,False,True,18.0,13.2
U02916,True,rich,13,2,47,False,True,2.5,11.5
U02923,False,moderate,2,1,58,False,True,20.0,9.5
U02925,False,moderate,3,1,57,False,False,13.0,26.4
U02927,False,rich,13,2,47,True,True,43.5,12.2
U02931,True,rich,10,5,50,True,True,24.4,12.8
U02936,False,minimal,1,1,59,False,False,57.0,23.3
U02937,False,rich,11,2,49,True,True,26.5,9.1
U02940,False,minimal,1,2,59,False,True,17.0,22.7
U02941,True,rich,11,1,49,True,True,3.0,9.5
U02942,False,moderate,2,1,58,False,False,43.0,21.7
U02945,True,rich,9,3,51,True,True,31.666666666666668,9.5
U02947,False,rich,9,2,51,False,True,43.0,13.3
U02949,False,minimal,1,1,59,False,False,0.0,24.0
U02950,True,moderate,3,1,57,True,True,18.0,21.7
U02958,True,rich,9,3,51,True,True,24.666666666666668,11.4
U02968,False,minimal,1,1,59,False,False,0.0,21.7
U02969,False,rich,12,1,48,True,True,32.0,12.0
U02970,False,minimal,1,1,59,False,False,7.0,22.1
U02971,True,rich,10,3,50,True,True,16.333333333333332,13.3
U02974,True,rich,10,4,50,True,True,20.25,14.1
U02976,True,rich,13,3,47,True,True,27.0,10.4
U02980,True,rich,11,1,49,False,True,25.0,11.2
U02981,True,rich,12,2,48,True,True,8.5,10.7
U02984,False,rich,9,5,51,True,True,30.0,12.4
U02989,True,moderate,7,4,53,True,True,30.5,24.5
U02992,False,rich,10,2,50,True,True,16.0,13.3
U02994,True,rich,13,1,47,False,True,14.0,13.9
