UserID,cluster
U00002,0
U00003,1
U00004,1
U00005,2
U00007,3
U00008,3
U00009,2
U00010,0
U00011,2
U00012,2
U00013,1
U00014,2
U00015,1
U00016,2
U00017,0
U00018,1
U00020,0
U00021,2
U00022,0
U00023,0
U00024,3
U00025,2
U00027,2
U00028,1
U00029,3
U00032,0
U00033,2
U00034,0
U00035,2
U00037,2
U00038,3
U00039,2
U00040,0
U00041,0
U00043,0
U00044,0
U00045,1
U00046,0
U00047,3
U00048,1
U00049,3
U00050,2
U00051,0
U00052,2
U00054,0
U00055,1
U00056,2
U00057,2
U00058,2
U00059,0
U00060,1
U00061,3
U00063,0
U00064,2
U00065,2
U00066,0
U00068,3
U00069,2
U00070,3
U00071,1
U00072,3
U00073,2
U00074,0
U00076,0
U00077,3
U00078,3
U00079,0
U00080,0
U00081,2
U00082,0
U00083,1
U00084,0
U00085,1
U00086,2
U00087,3
U00088,0
U00089,3
U00092,2
U00093,0
U00094,0
U00095,0
U00096,0
U00097,2
U00098,2
U00099,0
U00100,0
U00101,3
U00102,0
U00103,2
U00105,0
U00107,0
U00108,2
U00109,1
U00111,0
U00112,1
U00113,2
U00114,2
U00115,3
U00116,2
U00117,1
U00118,2
U00119,2
U00120,0
U00121,2
U00122,3
U00123,0
U00124,2
U00125,2
U00126,1
U00127,2
U00128,1
U00129,3
U00130,0
U00133,1
U00134,1
U00135,3
U00136,2
U00137,2
U00138,2
U00139,0
U00140,0
U00141,0
U00142,0
U00143,2
U00144,1
U00145,0
U00147,1
U00148,3
U00149,1
U00150,3
U00151,0
U00152,1
U00153,0
U00154,0
U00155,0
U00156,2
U00157,3
U00158,0
U00159,0
U00161,1
U00162,2
U00163,3
U00164,1
U00165,3
U00166,1
U00168,3
U00169,1
U00170,0
U00171,1
U00173,1
U00175,0
U00176,0
U00177,1
U00178,1
U00179,3
U00180,3
U00182,3
U00183,3
U00184,2
U00185,2
U00186,3
U00187,0
U00189,2
U00190,2
U00191,1
U00192,1
U00193,2
U00194,3
U00195,2
U00196,3
U00197,3
U00198,1
U00199,3
U00200,2
U00201,2
U00203,0
U00204,2
U00205,3
U00206,3
U00207,0
U00208,1
U00209,2
U00210,2
U00211,0
U00212,0
U00213,0
U00215,3
U00216,1
U00217,2
U00218,3
U00219,0
U00220,1
U00222,2
U00223,3
U00225,3
U00227,0
U00229,2
U00231,2
U00232,2
U00234,2
U00235,1
U00238,1
U00239,0
U00240,2
U00241,0
U00242,2
U00243,2
U00244,2
U00245,0
U00246,0
U00247,2
U00248,2
U00249,0
U00250,3
U00251,1
U00252,2
U00253,3
U00254,0
U00255,3
U00256,0
U00259,3
U00260,1
U00263,0
U00264,3
U00265,1
U00266,2
U00267,1
U00268,3
U00269,3
U00270,2
U00271,0
U00272,1
U00273,0
U00274,2
U00276,0
U00277,2
U00278,0
U00279,2
U00280,0
U00281,3
U00282,1
U00283,0
U00284,3
U00285,2
U00286,1
U00287,2
U00288,3
U00289,2
U00290,2
U00291,2
U00292,1
U00293,1
U00294,3
U00295,0
U00296,2
U00297,0
U00298,1
U00301,1
U00302,2
U00303,1
U00304,0
U00307,3
U00308,0
U00309,3
U00310,1
U00311,2
U00312,3
U00313,3
U00314,0
U00315,1
U00316,0
U00317,2
U00319,2
U00320,0
U00321,1
U00322,1
U00323,1
U00324,0
U00325,2
U00326,0
U00327,3
U00328,1
U00329,1
U00330,1
U00331,2
U00332,2
U00333,2
U00334,1
U00335,0
U00337,3
U00338,1
U00339,1
U00340,1
U00341,2
U00342,3
U00343,0
U00344,3
U00345,1
U00346,3
U00347,2
U00348,0
U00349,0
U00350,0
U00351,1
U00352,1
U00353,1
U00354,1
U00356,1
U00357,1
U00358,3
U00359,0
U00360,3
U00361,3
U00362,1
U00364,0
U00365,1
U00366,0
U00367,2
U00368,2
U00369,2
U00370,3
U00371,3
U00372,2
U00376,0
U00377,2
U00378,2
U00379,1
U00380,2
U00381,2
U00382,0
U00383,1
U00384,0
U00385,3
U00386,0
U00387,2
U00388,3
U00390,1
U00391,3
U00392,0
U00393,0
U00394,1
U00397,2
U00398,0
U00399,1
U00400,2
U00401,0
U00402,2
U00403,3
U00404,1
U00405,2
U00406,1
U00407,1
U00408,2
U00409,2
U00411,1
U00412,2
U00413,0
U00414,2
U00415,1
U00416,0
U00417,0
U00418,2
U00419,2
U00420,0
U00422,2
U00423,1
U00424,1
U00425,0
U00426,0
U00427,1
U00428,2
U00429,3
U00430,2
U00431,2
U00432,2
U00433,2
U00434,2
U00435,3
U00436,0
U00437,2
U00438,1
U00441,2
U00444,1
U00445,0
U00446,0
U00447,3
U00448,1
U00449,1
U00450,1
U00451,0
U00452,2
U00453,0
U00454,1
U00455,0
U00456,0
U00457,2
U00458,2
U00459,3
U00460,3
U00461,0
U00462,3
U00463,3
U00464,1
U00465,2
U00466,3
U00467,2
U00468,0
U00469,2
U00471,0
U00472,0
U00473,0
U00474,2
U00475,2
U00476,2
U00477,2
U00478,2
U00479,2
U00480,3
U00482,3
U00483,2
U00484,3
U00485,0
U00486,3
U00487,1
U00488,3
U00489,0
U00490,2
U00491,3
U00492,2
U00493,3
U00494,1
U00495,0
U00497,0
U00498,3
U00499,3
U00500,3
U00501,3
U00502,2
U00504,0
U00505,3
U00506,3
U00507,2
U00508,0
U00509,0
U00510,2
U00511,2
U00512,2
U00513,0
U00514,0
U00515,2
U00516,2
U00517,3
U00519,3
U00521,2
U00522,0
U00523,3
U00524,3
U00525,3
U00526,0
U00527,2
U00528,0
U00529,2
U00530,0
U00531,0
U00532,0
U00533,2
U00534,2
U00535,3
U00536,3
U00537,2
U00538,2
U00539,0
U00541,2
U00542,2
U00543,1
U00544,0
U00545,0
U00546,3
U00547,2
U00548,1
U00549,0
U00550,2
U00551,2
U00552,0
U00553,2
U00554,0
U00556,1
U00557,2
U00558,0
U00559,1
U00560,0
U00562,1
U00563,2
U00565,0
U00566,2
U00567,0
U00568,2
U00569,1
U00570,1
U00571,0
U00572,1
U00573,1
U00574,1
U00575,3
U00576,1
U00577,3
U00578,3
U00579,0
U00580,0
U00581,2
U00582,0
U00583,2
U00584,1
U00585,0
U00586,0
U00587,2
U00588,2
U00589,2
U00591,0
U00592,1
U00593,2
U00595,1
U00596,2
U00597,0
U00598,3
U00599,3
U00602,0
U00603,2
U00604,1
U00605,2
U00606,2
U00607,2
U00608,3
U00609,2
U00610,2
U00611,3
U00612,2
U00613,0
U00614,0
U00615,2
U00616,3
U00617,3
U00618,0
U00619,1
U00620,2
U00622,1
U00623,3
U00624,0
U00625,2
U00626,2
U00627,1
U00628,0
U00629,2
U00630,2
U00631,2
U00632,2
U00633,1
U00634,2
U00635,3
U00636,1
U00637,0
U00638,1
U00639,1
U00640,0
U00642,2
U00644,0
U00645,0
U00646,0
U00647,2
U00648,0
U00650,3
U00651,0
U00652,0
U00653,2
U00654,0
U00655,0
U00656,0
U00657,3
U00659,0
U00660,2
U00661,3
U00663,0
U00664,2
U00665,2
U00666,1
U00667,2
U00668,2
U00669,0
U00670,0
U00671,2
U00672,3
U00673,2
U00674,2
U00675,2
U00676,2
U00677,3
U00678,0
U00679,2
U00681,2
U00683,2
U00684,2
U00685,2
U00687,1
U00688,2
U00689,2
U00690,3
U00693,2
U00695,2
U00696,3
U00697,0
U00698,2
U00699,2
U00700,2
U00701,1
U00702,2
U00703,2
U00704,1
U00705,2
U00706,0
U00707,0
U00708,3
U00709,1
U00710,0
U00711,0
U00712,2
U00713,0
U00714,0
U00715,2
U00716,1
U00717,3
U00718,0
U00719,2
U00721,2
U00722,2
U00723,1
U00724,1
U00725,0
U00726,0
U00727,1
U00728,3
U00729,2
U00730,2
U00731,0
U00732,3
U00733,2
U00734,2
U00735,2
U00736,3
U00737,2
U00738,2
U00739,3
U00740,0
U00741,3
U00742,0
U00743,1
U00745,2
U00746,2
U00748,2
U00750,2
U00751,0
U00752,1
U00753,0
U00755,3
U00756,3
U00757,0
U00758,2
U00759,2
U00760,1
U00762,2
U00763,3
U00764,1
U00765,1
U00766,3
U00767,1
U00768,2
U00769,2
U00770,3
U00771,0
U00772,1
U00773,3
U00774,2
U00775,1
U00776,0
U00777,2
U00778,2
U00779,2
U00781,3
U00782,2
U00783,2
U00784,0
U00785,3
U00786,1
U00787,1
U00788,0
U00789,2
U00790,2
U00791,3
U00792,2
U00793,1
U00794,0
U00795,0
U00796,2
U00797,3
U00798,2
U00799,0
U00800,3
U00801,3
U00802,2
U00803,2
U00804,0
U00806,0
U00807,3
U00808,0
U00809,0
U00811,2
U00812,2
U00813,2
U00814,2
U00815,3
U00816,3
U00817,0
U00818,2
U00819,1
U00820,2
U00821,1
U00822,3
U00823,2
U00825,2
U00826,0
U00827,3
U00828,2
U00829,1
U00830,3
U00831,2
U00832,0
U00833,2
U00834,0
U00835,3
U00836,1
U00837,1
U00838,1
U00839,0
U00840,3
U00841,3
U00842,0
U00843,2
U00844,3
U00845,0
U00846,2
U00848,2
U00849,1
U00850,1
U00851,3
U00852,1
U00853,3
U00855,0
U00856,0
U00857,0
U00858,1
U00859,3
U00860,0
U00861,3
U00862,2
U00863,0
U00864,2
U00865,0
U00866,3
U00868,0
U00869,2
U00870,1
U00871,2
U00873,2
U00874,1
U00875,2
U00876,1
U00877,0
U00878,2
U00879,3
U00880,2
U00881,1
U00882,0
U00883,2
U00884,2
U00885,2
U00886,0
U00888,1
U00889,3
U00890,0
U00891,3
U00892,3
U00893,1
U00894,3
U00895,1
U00896,2
U00898,1
U00899,2
U00900,3
U00901,3
U00902,0
U00903,1
U00904,0
U00905,2
U00906,0
U00907,1
U00908,3
U00909,0
U00910,0
U00911,1
U00914,3
U00915,1
U00916,3
U00917,1
U00918,0
U00919,1
U00920,3
U00921,2
U00922,2
U00923,2
U00924,2
U00925,0
U00926,0
U00927,2
U00928,1
U00929,2
U00930,3
U00931,2
U00932,2
U00933,0
U00934,0
U00935,0
U00938,0
U00939,3
U00940,3
U00941,0
U00942,0
U00943,2
U00944,2
U00945,0
U00946,3
U00947,0
U00948,3
U00949,0
U00951,3
U00952,2
U00953,3
U00954,2
U00955,1
U00956,0
U00957,1
U00958,1
U00959,1
U00961,1
U00962,2
U00963,2
U00965,0
U00966,3
U00967,1
U00968,0
U00969,0
U00970,0
U00971,2
U00972,0
U00974,3
U00975,0
U00976,1
U00977,2
U00978,0
U00979,2
U00980,2
U00981,1
U00982,2
U00983,2
U00984,3
U00985,2
U00986,0
U00988,2
U00989,1
U00990,3
U00991,3
U00992,2
U00994,3
U00995,0
U00996,3
U00997,1
U00998,0
U00999,0
U01000,1
U01001,3
U01002,2
U01003,2
U01004,3
U01006,3
U01007,3
U01008,0
U01009,2
U01010,2
U01011,0
U01012,0
U01013,2
U01014,2
U01015,1
U01016,2
U01017,1
U01020,1
U01021,0
U01022,1
U01023,0
U01024,1
U01025,0
U01027,0
U01028,0
U01029,3
U01030,3
U01031,1
U01032,1
U01033,1
U01034,1
U01035,1
U01036,2
U01037,3
U01038,3
U01041,2
U01042,3
U01043,2
U01044,2
U01045,0
U01046,0
U01048,2
U01049,1
U01051,2
U01052,0
U01053,3
U01054,2
U01055,3
U01056,2
U01057,3
U01058,2
U01060,3
U01061,1
U01062,2
U01063,2
U01064,0
U01065,2
U01066,1
U01067,3
U01068,0
U01069,0
U01070,0
U01071,2
U01072,0
U01073,2
U01074,2
U01075,0
U01076,2
U01077,0
U01078,2
U01079,1
U01080,2
U01081,3
U01082,3
U01083,1
U01084,1
U01085,3
U01086,2
U01088,2
U01089,0
U01090,3
U01091,3
U01092,1
U01093,0
U01094,3
U01095,0
U01096,1
U01097,2
U01098,1
U01100,2
U01101,2
U01102,0
U01103,2
U01104,2
U01105,2
U01106,0
U01108,2
U01110,2
U01111,0
U01113,2
U01114,3
U01115,0
U01116,2
U01117,3
U01119,3
U01120,2
U01121,2
U01122,0
U01123,1
U01124,2
U01125,2
U01127,3
U01128,0
U01129,3
U01130,0
U01131,2
U01132,1
U01134,2
U01135,2
U01136,2
U01138,3
U01139,0
U01140,3
U01141,2
U01142,2
U01143,1
U01144,2
U01145,0
U01146,1
U01147,3
U01148,2
U01149,0
U01150,0
U01151,1
U01153,3
U01154,2
U01155,2
U01156,2
U01157,3
U01158,1
U01159,3
U01160,2
U01161,3
U01162,2
U01163,1
U01164,2
U01165,2
U01166,2
U01167,1
U01168,2
U01170,1
U01171,0
U01172,3
U01173,2
U01174,3
U01175,2
U01176,0
U01177,1
U01178,0
U01179,0
U01180,1
U01181,0
U01182,2
U01183,2
U01184,0
U01185,2
U01186,0
U01187,2
U01188,3
U01189,3
U01190,0
U01193,2
U01194,0
U01195,2
U01197,1
U01198,2
U01199,2
U01200,0
U01201,2
U01202,2
U01203,1
U01204,1
U01205,2
U01206,2
U01207,3
U01208,3
U01209,0
U01210,2
U01211,0
U01213,2
U01214,2
U01215,0
U01216,2
U01217,3
U01218,2
U01221,1
U01222,1
U01223,3
U01224,1
U01225,3
U01226,2
U01227,0
U01228,1
U01229,3
U01230,2
U01231,1
U01232,0
U01233,1
U01235,1
U01237,1
U01238,3
U01239,1
U01241,2
U01242,2
U01243,3
U01244,1
U01245,0
U01246,2
U01247,3
U01248,2
U01249,1
U01250,1
U01251,2
U01252,3
U01253,2
U01254,2
U01255,2
U01256,3
U01257,2
U01258,2
U01260,0
U01261,1
U01262,3
U01263,0
U01265,2
U01266,1
U01267,1
U01268,1
U01269,3
U01270,2
U01271,3
U01272,2
U01273,0
U01274,2
U01275,0
U01276,3
U01277,1
U01278,0
U01279,2
U01280,1
U01281,1
U01282,0
U01284,1
U01285,1
U01286,1
U01287,1
U01288,2
U01289,2
U01290,1
U01291,2
U01292,2
U01293,3
U01294,2
U01295,3
U01296,0
U01297,2
U01298,0
U01299,3
U01300,2
U01302,2
U01303,3
U01304,0
U01305,2
U01306,2
U01307,2
U01308,2
U01309,2
U01310,2
U01311,0
U01312,2
U01313,3
U01314,0
U01315,1
U01316,2
U01317,2
U01318,1
U01319,3
U01320,0
U01321,1
U01322,1
U01323,0
U01324,3
U01325,2
U01326,2
U01327,2
U01330,2
U01331,1
U01332,1
U01333,2
U01334,1
U01335,3
U01336,1
U01337,1
U01338,2
U01339,3
U01340,0
U01341,0
U01342,2
U01343,1
U01344,1
U01345,0
U01346,1
U01347,1
U01348,0
U01350,1
U01351,2
U01352,1
U01353,0
U01355,1
U01356,3
U01357,2
U01358,2
U01360,3
U01361,0
U01362,0
U01363,2
U01364,1
U01365,1
U01366,2
U01367,0
U01368,0
U01369,3
U01370,2
U01371,3
U01372,3
U01373,3
U01374,0
U01375,1
U01376,0
U01377,2
U01378,0
U01379,0
U01382,3
U01383,3
U01384,2
U01386,2
U01387,0
U01388,2
U01389,0
U01390,2
U01391,2
U01392,2
U01393,3
U01394,1
U01395,1
U01396,3
U01397,1
U01398,2
U01399,1
U01402,3
U01403,3
U01404,2
U01405,1
U01406,2
U01407,3
U01408,0
U01409,1
U01410,2
U01411,1
U01412,2
U01413,3
U01414,1
U01415,3
U01416,0
U01417,2
U01418,2
U01419,0
U01420,0
U01421,0
U01422,0
U01423,2
U01424,3
U01425,0
U01426,3
U01427,0
U01429,1
U01430,1
U01431,3
U01432,1
U01434,2
U01435,1
U01436,2
U01437,0
U01438,0
U01439,0
U01440,3
U01441,0
U01442,2
U01443,2
U01444,3
U01445,1
U01446,0
U01447,2
U01448,3
U01449,0
U01450,1
U01451,1
U01452,2
U01453,0
U01454,3
U01455,1
U01456,0
U01457,3
U01458,2
U01459,0
U01460,1
U01461,0
U01462,2
U01463,1
U01464,0
U01465,3
U01466,2
U01467,2
U01468,2
U01469,2
U01470,3
U01471,0
U01472,1
U01473,1
U01474,1
U01475,1
U01476,3
U01478,3
U01480,2
U01482,0
U01483,0
U01484,0
U01485,0
U01486,2
U01487,3
U01488,1
U01489,2
U01491,1
U01492,0
U01493,3
U01494,2
U01495,3
U01496,1
U01497,1
U01498,2
U01499,2
U01500,1
U01501,3
U01503,2
U01504,0
U01505,0
U01506,1
U01507,0
U01508,0
U01509,2
U01510,0
U01511,1
U01512,1
U01513,3
U01514,0
U01515,2
U01516,2
U01517,1
U01518,0
U01519,2
U01520,3
U01522,1
U01523,3
U01524,0
U01525,2
U01526,1
U01528,1
U01529,2
U01530,1
U01531,1
U01532,3
U01533,2
U01534,0
U01535,1
U01536,1
U01537,0
U01539,3
U01541,2
U01542,2
U01543,1
U01544,3
U01546,0
U01547,2
U01548,0
U01549,0
U01550,3
U01551,2
U01552,2
U01553,1
U01554,0
U01555,0
U01556,2
U01557,2
U01559,3
U01561,3
U01562,0
U01565,2
U01566,0
U01567,0
U01568,3
U01569,2
U01570,0
U01571,2
U01572,0
U01573,2
U01574,2
U01575,1
U01576,0
U01577,2
U01578,1
U01579,2
U01580,3
U01581,2
U01583,3
U01585,1
U01586,1
U01587,2
U01588,3
U01589,0
U01590,0
U01591,2
U01592,0
U01594,2
U01595,2
U01596,0
U01597,0
U01599,2
U01600,3
U01601,2
U01602,1
U01603,2
U01604,3
U01606,2
U01607,3
U01608,3
U01609,0
U01611,2
U01612,3
U01613,0
U01615,2
U01616,0
U01618,1
U01619,0
U01620,0
U01621,2
U01622,2
U01625,3
U01626,0
U01627,1
U01628,1
U01629,0
U01631,2
U01632,3
U01633,0
U01635,1
U01636,2
U01637,1
U01638,0
U01639,3
U01640,3
U01641,3
U01642,0
U01644,2
U01645,2
U01646,3
U01647,1
U01648,1
U01649,1
U01650,2
U01651,2
U01652,0
U01653,2
U01654,1
U01656,1
U01657,0
U01658,2
U01659,1
U01660,1
U01661,0
U01662,1
U01663,0
U01665,1
U01666,1
U01667,2
U01668,0
U01669,0
U01671,1
U01672,0
U01673,3
U01674,1
U01675,3
U01676,2
U01677,2
U01678,3
U01679,2
U01680,2
U01681,3
U01682,3
U01683,3
U01684,2
U01685,3
U01687,1
U01688,2
U01689,0
U01690,0
U01691,2
U01692,1
U01693,2
U01694,3
U01695,1
U01696,3
U01697,0
U01698,0
U01699,3
U01702,1
U01703,2
U01704,0
U01705,0
U01706,0
U01707,2
U01708,1
U01709,0
U01710,3
U01711,0
U01712,2
U01713,3
U01714,3
U01715,0
U01716,2
U01717,0
U01718,2
U01720,1
U01721,1
U01722,2
U01723,2
U01724,1
U01725,2
U01726,1
U01727,3
U01728,2
U01729,1
U01730,2
U01731,3
U01732,2
U01733,3
U01734,3
U01735,2
U01736,3
U01738,2
U01739,2
U01741,0
U01742,3
U01744,2
U01745,1
U01746,1
U01747,3
U01749,2
U01750,0
U01751,2
U01752,2
U01753,2
U01754,0
U01756,0
U01757,0
U01758,3
U01759,2
U01760,0
U01761,2
U01762,1
U01763,0
U01764,0
U01765,2
U01766,2
U01767,0
U01768,2
U01769,0
U01770,2
U01771,2
U01772,2
U01773,1
U01774,0
U01775,2
U01776,0
U01778,0
U01779,3
U01780,2
U01781,3
U01782,0
U01783,2
U01784,3
U01785,3
U01786,1
U01787,2
U01788,2
U01789,1
U01790,0
U01791,2
U01792,0
U01793,3
U01794,2
U01795,1
U01796,2
U01797,0
U01798,2
U01800,0
U01801,3
U01802,2
U01803,0
U01804,2
U01805,1
U01806,0
U01807,2
U01808,1
U01809,1
U01810,1
U01812,1
U01813,0
U01814,2
U01815,0
U01816,0
U01817,2
U01818,0
U01819,2
U01820,1
U01821,2
U01822,1
U01823,2
U01825,1
U01826,0
U01828,2
U01829,3
U01830,2
U01831,0
U01832,0
U01833,2
U01836,0
U01837,3
U01838,3
U01840,1
U01841,3
U01842,1
U01843,2
U01844,3
U01845,2
U01846,2
U01847,3
U01850,3
U01851,2
U01852,3
U01853,3
U01854,1
U01855,0
U01856,3
U01857,2
U01858,3
U01859,0
U01860,2
U01861,1
U01862,3
U01864,3
U01865,2
U01866,3
U01867,1
U01868,0
U01869,3
U01871,1
U01872,1
U01873,0
U01874,3
U01876,1
U01877,1
U01879,1
U01880,0
U01881,2
U01882,1
U01883,0
U01884,2
U01887,0
U01888,3
U01889,2
U01890,2
U01891,0
U01892,0
U01893,1
U01894,0
U01895,3
U01896,1
U01897,2
U01898,2
U01899,0
U01900,1
U01901,2
U01902,2
U01903,1
U01904,2
U01905,0
U01906,1
U01907,3
U01908,1
U01909,2
U01910,2
U01911,0
U01912,3
U01913,0
U01915,2
U01916,2
U01917,1
U01918,1
U01919,0
U01920,1
U01921,0
U01922,0
U01923,2
U01924,3
U01925,0
U01926,1
U01928,0
U01929,1
U01930,3
U01931,1
U01932,3
U01933,3
U01934,1
U01935,3
U01936,0
U01937,0
U01938,0
U01939,2
U01940,2
U01941,3
U01942,3
U01943,1
U01944,0
U01945,3
U01946,3
U01947,3
U01949,3
U01950,3
U01951,1
U01953,1
U01954,0
U01956,0
U01958,1
U01959,1
U01960,3
U01961,1
U01962,1
U01964,2
U01966,0
U01968,0
U01969,0
U01970,2
U01971,2
U01973,3
U01974,2
U01976,3
U01977,2
U01979,1
U01981,3
U01982,2
U01983,0
U01984,0
U01985,0
U01986,2
U01987,1
U01988,0
U01989,1
U01990,2
U01991,2
U01992,3
U01993,1
U01994,1
U01996,3
U01997,2
U01998,1
U01999,1
U02000,2
U02002,3
U02003,2
U02004,3
U02005,0
U02006,3
U02007,0
U02008,3
U02009,0
U02010,1
U02012,2
U02013,2
U02014,0
U02015,1
U02017,0
U02018,0
U02019,1
U02020,0
U02021,2
U02022,1
U02023,0
U02024,2
U02025,2
U02026,0
U02028,2
U02029,3
U02030,2
U02031,0
U02032,2
U02034,2
U02035,1
U02036,2
U02037,0
U02038,1
U02039,1
U02040,3
U02041,2
U02043,2
U02044,3
U02045,2
U02047,0
U02048,3
U02049,0
U02050,0
U02051,3
U02052,1
U02053,2
U02055,1
U02056,2
U02057,3
U02058,1
U02059,2
U02060,2
U02061,2
U02062,2
U02063,2
U02064,1
U02065,2
U02066,3
U02067,3
U02068,1
U02070,3
U02071,1
U02072,2
U02073,3
U02074,1
U02076,2
U02077,1
U02078,0
U02079,3
U02080,3
U02081,2
U02082,0
U02083,2
U02084,3
U02085,2
U02086,3
U02087,0
U02088,3
U02089,0
U02090,0
U02091,0
U02092,3
U02093,0
U02094,1
U02096,1
U02097,0
U02098,1
U02099,3
U02100,0
U02101,2
U02102,2
U02103,1
U02104,3
U02105,3
U02108,0
U02109,2
U02111,3
U02112,0
U02113,1
U02114,0
U02115,0
U02116,3
U02117,0
U02118,0
U02119,3
U02120,3
U02121,3
U02123,3
U02124,0
U02125,1
U02126,3
U02127,0
U02129,0
U02130,2
U02131,0
U02132,0
U02133,2
U02134,0
U02135,0
U02136,2
U02137,0
U02138,2
U02139,2
U02141,3
U02142,2
U02143,2
U02144,1
U02145,2
U02147,1
U02148,2
U02149,1
U02150,3
U02151,1
U02152,1
U02153,1
U02154,0
U02155,1
U02156,3
U02157,2
U02158,2
U02159,0
U02160,2
U02161,1
U02162,0
U02163,0
U02165,2
U02166,0
U02167,3
U02168,0
U02169,3
U02170,0
U02171,2
U02173,3
U02174,1
U02175,2
U02177,0
U02178,3
U02179,2
U02180,2
U02181,0
U02182,2
U02184,2
U02185,3
U02186,2
U02187,2
U02188,0
U02189,0
U02190,3
U02191,1
U02192,2
U02193,0
U02194,0
U02195,2
U02197,2
U02198,2
U02199,1
U02200,2
U02201,3
U02202,3
U02204,0
U02206,0
U02207,2
U02208,2
U02209,0
U02210,2
U02211,3
U02212,1
U02213,3
U02214,0
U02215,1
U02216,2
U02217,1
U02218,2
U02219,3
U02220,0
U02224,1
U02225,3
U02226,2
U02227,3
U02228,0
U02229,0
U02230,3
U02231,1
U02232,2
U02233,0
U02234,2
U02235,2
U02236,3
U02239,2
U02240,0
U02241,0
U02242,0
U02243,3
U02245,0
U02247,2
U02248,1
U02249,2
U02250,1
U02252,2
U02253,2
U02254,1
U02255,1
U02256,2
U02257,3
U02258,1
U02259,2
U02260,2
U02261,0
U02262,0
U02264,0
U02266,0
U02267,3
U02268,2
U02270,2
U02271,2
U02272,2
U02273,2
U02274,2
U02275,2
U02276,2
U02277,3
U02278,2
U02279,0
U02280,0
U02281,2
U02282,2
U02283,0
U02284,1
U02285,2
U02287,2
U02288,1
U02289,2
U02290,1
U02291,2
U02292,2
U02293,2
U02294,0
U02295,0
U02296,3
U02298,3
U02299,0
U02300,1
U02301,1
U02302,0
U02303,0
U02304,0
U02305,3
U02306,1
U02307,0
U02309,2
U02310,2
U02311,1
U02312,3
U02313,2
U02314,2
U02315,1
U02317,2
U02318,0
U02319,0
U02320,2
U02321,2
U02322,3
U02324,2
U02325,2
U02326,0
U02327,0
U02328,2
U02329,3
U02331,2
U02332,2
U02333,2
U02334,2
U02335,2
U02336,1
U02337,1
U02338,3
U02339,0
U02340,2
U02341,1
U02342,2
U02343,2
U02344,1
U02345,1
U02346,3
U02347,3
U02348,3
U02349,1
U02350,2
U02351,0
U02352,0
U02353,0
U02354,2
U02355,3
U02356,2
U02357,2
U02358,0
U02359,0
U02361,0
U02362,2
U02363,2
U02364,0
U02365,3
U02366,3
U02367,2
U02368,2
U02369,0
U02370,1
U02371,1
U02372,3
U02374,2
U02375,2
U02376,2
U02377,2
U02378,3
U02379,2
U02380,3
U02381,3
U02382,0
U02383,3
U02384,0
U02385,0
U02386,0
U02387,2
U02388,2
U02389,2
U02390,0
U02391,2
U02392,2
U02393,0
U02394,0
U02395,0
U02396,2
U02397,0
U02398,2
U02401,0
U02403,2
U02404,0
U02405,0
U02406,2
U02407,0
U02408,0
U02409,3
U02410,1
U02411,2
U02412,2
U02413,2
U02414,0
U02415,1
U02416,2
U02417,2
U02418,3
U02419,3
U02420,3
U02421,3
U02423,2
U02424,3
U02425,0
U02426,0
U02427,1
U02428,2
U02429,0
U02430,0
U02431,0
U02432,1
U02433,2
U02434,0
U02436,0
U02439,2
U02440,3
U02441,0
U02443,2
U02444,3
U02445,1
U02446,0
U02447,2
U02448,2
U02449,0
U02450,3
U02451,2
U02452,2
U02454,2
U02455,2
U02456,3
U02457,3
U02459,2
U02461,2
U02462,0
U02463,0
U02464,0
U02465,0
U02466,3
U02467,0
U02468,3
U02469,0
U02470,1
U02471,3
U02472,0
U02473,0
U02474,3
U02475,3
U02476,2
U02477,3
U02478,0
U02479,0
U02480,3
U02481,2
U02482,0
U02483,0
U02484,0
U02485,1
U02486,3
U02487,2
U02488,3
U02489,0
U02490,1
U02492,3
U02494,3
U02495,0
U02496,2
U02498,0
U02499,2
U02500,3
U02501,3
U02502,2
U02503,2
U02504,1
U02506,0
U02507,2
U02508,0
U02509,2
U02511,3
U02512,1
U02513,0
U02514,2
U02515,1
U02516,2
U02517,2
U02518,3
U02519,0
U02520,0
U02521,2
U02524,3
U02525,0
U02526,3
U02527,0
U02528,0
U02529,0
U02530,0
U02531,3
U02532,3
U02533,3
U02534,0
U02535,0
U02536,1
U02537,1
U02538,3
U02539,0
U02540,1
U02541,1
U02542,1
U02543,0
U02545,1
U02547,3
U02548,2
U02549,2
U02550,0
U02551,2
U02552,0
U02553,2
U02554,0
U02555,0
U02556,2
U02557,0
U02558,3
U02559,2
U02560,0
U02561,3
U02562,3
U02563,3
U02564,1
U02565,0
U02566,1
U02567,2
U02568,2
U02569,2
U02571,3
U02573,0
U02574,2
U02575,0
U02576,2
U02577,0
U02578,0
U02579,3
U02580,0
U02581,2
U02582,1
U02583,1
U02584,2
U02585,2
U02586,0
U02587,0
U02588,3
U02589,2
U02590,0
U02591,3
U02592,0
U02593,1
U02596,2
U02597,2
U02598,3
U02599,2
U02600,2
U02601,0
U02602,1
U02603,0
U02604,3
U02605,1
U02607,0
U02608,3
U02609,2
U02610,0
U02611,3
U02612,1
U02613,2
U02614,1
U02615,0
U02616,1
U02617,3
U02618,1
U02619,2
U02620,0
U02621,0
U02623,1
U02624,3
U02625,2
U02626,2
U02627,3
U02628,0
U02629,2
U02630,1
U02631,3
U02632,0
U02633,1
U02634,2
U02635,2
U02636,3
U02637,2
U02638,2
U02639,2
U02640,2
U02641,2
U02642,0
U02643,1
U02644,2
U02645,1
U02646,2
U02647,2
U02648,0
U02650,0
U02651,1
U02652,2
U02653,0
U02654,3
U02655,0
U02656,0
U02657,2
U02658,0
U02659,0
U02660,2
U02661,2
U02662,2
U02663,1
U02664,2
U02665,2
U02666,2
U02668,2
U02670,2
U02671,0
U02672,1
U02673,2
U02674,3
U02675,2
U02676,3
U02677,2
U02678,0
U02679,1
U02681,2
U02682,0
U02683,1
U02684,1
U02685,2
U02686,0
U02687,2
U02688,0
U02689,0
U02690,1
U02691,0
U02692,1
U02693,3
U02694,0
U02695,0
U02696,0
U02697,2
U02698,1
U02699,3
U02700,2
U02701,2
U02702,0
U02703,3
U02704,3
U02705,2
U02707,2
U02708,0
U02709,1
U02710,3
U02711,0
U02715,2
U02716,0
U02717,0
U02719,3
U02721,0
U02724,3
U02725,3
U02726,1
U02727,3
U02728,2
U02729,3
U02731,2
U02732,3
U02733,1
U02734,0
U02735,0
U02737,3
U02738,3
U02739,2
U02740,0
U02741,0
U02742,0
U02743,1
U02744,3
U02745,2
U02746,2
U02747,0
U02748,2
U02749,2
U02750,2
U02751,2
U02752,0
U02753,0
U02754,1
U02755,0
U02756,2
U02757,3
U02759,0
U02760,3
U02761,0
U02762,2
U02763,3
U02764,2
U02765,2
U02767,1
U02768,0
U02769,1
U02770,1
U02771,2
U02772,2
U02773,0
U02774,0
U02775,1
U02776,2
U02777,0
U02778,0
U02779,3
U02780,2
U02781,2
U02782,2
U02784,0
U02786,1
U02788,1
U02789,2
U02790,0
U02791,1
U02792,1
U02793,1
U02794,3
U02796,0
U02797,2
U02798,3
U02799,3
U02801,2
U02803,2
U02804,3
U02805,2
U02806,3
U02807,1
U02808,2
U02809,0
U02810,0
U02811,2
U02812,3
U02813,3
U02814,0
U02815,1
U02818,2
U02819,2
U02821,2
U02822,3
U02823,3
U02824,3
U02825,1
U02827,3
U02828,2
U02829,3
U02830,2
U02831,2
U02832,1
U02835,2
U02836,0
U02837,0
U02838,2
U02839,2
U02841,0
U02842,2
U02843,1
U02844,1
U02845,0
U02846,0
U02847,3
U02849,0
U02850,1
U02851,3
U02852,2
U02854,2
U02855,0
U02856,0
U02857,1
U02858,0
U02859,0
U02860,2
U02861,2
U02862,2
U02863,0
U02864,2
U02865,2
U02866,3
U02867,2
U02868,3
U02870,0
U02871,0
U02872,2
U02873,2
U02874,1
U02876,2
U02878,3
U02879,0
U02880,2
U02881,2
U02882,3
U02883,1
U02884,3
U02885,0
U02886,2
U02887,0
U02888,2
U02889,3
U02890,3
U02891,1
U02892,0
U02893,0
U02894,2
U02895,0
U02896,3
U02897,0
U02898,2
U02899,1
U02901,2
U02902,2
U02903,2
U02904,2
U02905,2
U02906,1
U02907,2
U02908,0
U02909,1
U02910,2
U02912,2
U02913,3
U02914,3
U02915,1
U02916,1
U02918,0
U02919,2
U02920,0
U02923,1
U02925,3
U02926,2
U02927,1
U02928,3
U02929,0
U02930,0
U02931,1
U02932,0
U02933,2
U02935,0
U02936,2
U02937,1
U02939,3
U02940,0
U02941,1
U02942,2
U02943,3
U02944,2
U02945,1
U02947,1
U02948,0
U02949,2
U02950,2
U02952,0
U02953,0
U02954,2
U02955,2
U02956,0
U02958,1
U02959,2
U02960,0
U02962,3
U02964,3
U02965,0
U02966,2
U02967,2
U02968,2
U02969,1
U02970,3
U02971,1
U02972,1
U02973,0
U02974,1
U02975,0
U02976,1
U02977,3
U02978,0
U02980,1
U02981,1
U02982,0
U02983,3
U02984,1
U02985,2
U02986,0
U02989,3
U02990,2
U02992,1
U02993,2
U02994,1
U02995,2
U02997,2
U02999,2
U03000,3
